Min or max	Amplitude (dB)	Distance		Lambda/4	Lambda	Sigma
Min	-42.5	45.5		1	-28.84444444	1.219836055
Max	-39.7	46.5		0.5		
Min	-41.3	47		1.3		
Max	-39.3	48.3		1.1		
Min	-40.6	49.4		0.8		
Max	-39.9	50.2				
						
Max	-38.7	69.6		1		
Min	-40.8	70.6		1		
Max	-38.5	71.6		0.8		
Min	-41	72.4		-72.4		
Max						
